id,username,date,time,description,information,suspicious,read
1,Firns,6b\5c\7576,"6a,65,59",Qtllji4Ns,,St,#jx
2,Firns,6b\5c\7576,"6a,68,7d",Zsxzhhjxxkzq4qtlns,UfxxBtwi4{firns789{4nx4ywnji4ns4htrgnsfynts4Bnym4zxjwsfrj4{firns{,#jx,#jx
3,Firns,6b\5c\7576,"6a,68,89",Zsxzhhjxxkzq4qtlns,UfxxBtwi4rnpj674nx4ywnji4ns4htrgnsfynts4Bnym4Zxjwsfrj4mfhp4ny^,#jx,#jx
4,Firns,6b\5c\7576,"6a,68,8d",Qtllji4Ns,,St,#jx
5,OnrrD,6b\5c\7576,"6a,7a,6d",Zsxzhhjxxkzq4qtlns,UfxxBtwi4?Sjzywts??4nx4ywnji4ns4htrgnsfynts4Bnym4Zxjwsfrj4?OnrrD?,#jx,#jx
6,xzujwfirns,6b\5c\7576,"6a,7a,78",Qtllji4Ns,,St,#jx
7,xzujwfirns,6b\5c\7576,"6e,58,77",Qtllji4Ns,,St,#jx
8,xzujwfirns,6b\5c\7576,"6e,59,79",Qtllji4Ns,,St,#jx
9,xzujwfirns,6b\5c\7576,"6e,5d,7e",Qtllji4Ns,,St,#jx
10,xzujwfirns,6b\5c\7576,"6e,5e,ab",Qtllji4Ns,,St,#jx
11,xzujwfirns,6b\5c\7576,"6e,65,69",Qtllji4Ns,,St,#jx
12,xzujwfirns,6b\5c\7576,"6e,65,75",Qtllji4Ns,,St,#jx
13,xzujwfirns,6b\5c\7576,"6e,65,8c",Qtllji4Ns,,St,#jx
14,xzujwfirns,6b\5c\7576,"6e,65,ac",Qtllji4Ns,,St,#jx
15,xzujwfirns,6b\5c\7576,"6e,66,ae",Qtllji4Ns,,St,#jx
16,xzujwfirns,6b\5c\7576,"6e,67,69",Qtllji4Ns,,St,#jx
17,xzujwfirns,6b\5c\7576,"6e,67,98",Qtllji4Ns,,St,#jx
18,xzujwfirns,6b\5c\7576,"6e,6a,9c",Qtllji4Ns,,St,#jx
19,xzujwfirns,6b\5c\7576,"6e,75,9c",Qtllji4Ns,,St,#jx
20,xzujwfirns,6b\5c\7576,"6e,77,9e",Qtllji4Ns,,St,#jx
21,xzujwfirns,6b\5c\7576,"6e,78,5b",Qtllji4Ns,,St,#jx
22,xzujwfirns,6b\5c\7576,"6e,7a,ab",Qtllji4Ns,,St,#jx
23,xzujwfirns,6b\5c\7576,"6e,7b,9d",Qtllji4Ns,,St,#jx
24,xzujwfirns,6b\5c\7576,"6e,7c,5b",Qtllji4Ns,,St,#jx
25,xzujwfirns,6b\5c\7576,"6e,7d,76",Qtllji4Ns,,St,#jx
26,xzujwfirns,6b\5c\7576,"6e,86,7b",Qtllji4Ns,,St,#jx
27,xzujwfirns,6b\5c\7576,"6e,89,67",Qtllji4Ns,,St,#jx
28,xzujwfirns,6b\5c\7576,"6e,8b,6e",Qtllji4Ns,,St,#jx
29,xzujwfirns,6b\5c\7576,"6e,8b,ab",Qtllji4Ns,,St,#jx
30,xzujwfirns,6b\5c\7576,"6e,8d,79",Qtllji4Ns,,St,#jx
31,xzujwfirns,6b\5c\7576,"6e,95,8d",Qtllji4Ns,,St,#jx
32,xzujwfirns,6b\5c\7576,"6e,96,8c",Qtllji4Ns,,St,#jx
33,xzujwfirns,6b\5c\7576,"6e,a7,77",Qtllji4Ns,,St,#jx
34,xzujwfirns,6b\5c\7576,"6e,ab,8a",Qtllji4Ns,,St,#jx
35,xzujwfirns,6b\5c\7576,"6e,ac,7a",Zsxzhhjxxkzq4qtlns,UfxxBtwi4?Firns^??4nx4ywnji4ns4htrgnsfynts4Bnym4Zxjwsfrj4?xzujwfirns?,#jx,#jx
36,xzujwfirns,6b\5c\7576,"75,56,5b",Qtllji4Ns,,St,#jx
37,xzujwfirns,6b\5c\7576,"75,59,9e",Qtllji4Ns,,St,#jx
38,xzujwfirns,6b\5c\7576,"75,5c,ac",Qtllji4Ns,,St,#jx
39,xzujwfirns,6b\5c\7576,"75,6a,6a",Qtllji4Ns,,St,#jx
40,xzujwfirns,6b\5c\7576,"75,75,9e",Qtllji4Ns,,St,#jx
41,xzujwfirns,6b\5c\7576,"75,77,8e",Qtllji4Ns,,St,#jx
42,xzujwfirns,6b\5c\7576,"77,8b,97",Qtllji4Ns,,St,#jx
43,xzujwfirns,6b\5c\7576,"77,95,ad",Qtllji4Ns,,St,#jx
44,xzujwfirns,6b\5c\7576,"77,97,8c",Qtllji4Ns,,St,#jx
45,xzujwfirns,6b\5c\7576,"77,a5,85",Qtllji4Ns,,St,#jx
46,xzujwfirns,6b\5c\7576,"77,a7,58",Qtllji4Ns,,St,#jx
47,xzujwfirns,6b\5c\7576,"77,a9,ae",Qtllji4Ns,,St,#jx
48,xzujwfirns,6b\5c\7576,"77,ab,75",Qtllji4Ns,,St,#jx
49,xzujwfirns,6b\5c\7576,"77,ab,a6",Qtllji4Ns,,St,#jx
50,xzujwfirns,6b\5c\7576,"77,ae,7b",Qtllji4Ns,,St,#jx
51,xzujwfirns,6b\5c\7576,"78,55,97",Qtllji4Ns,,St,#jx
52,xzujwfirns,6b\5c\7576,"78,56,98",Qtllji4Ns,,St,#jx
53,xzujwfirns,6b\5c\7576,"78,57,58",Qtllji4Ns,,St,#jx
54,xzujwfirns,6b\5c\7576,"78,57,88",Qtllji4Ns,,St,#jx
55,xzujwfirns,6b\5c\7576,"78,57,95",Qtllji4Ns,,St,#jx
56,xzujwfirns,6b\5c\7576,"78,57,9d",Qtllji4Ns,,St,#jx
57,xzujwfirns,6b\5c\7576,"78,5a,58",Qtllji4Ns,,St,#jx
58,xzujwfirns,6b\5c\7576,"78,5a,75",Qtllji4Ns,,St,#jx
59,xzujwfirns,6b\5c\7576,"78,5a,ad",Qtllji4Ns,,St,#jx
60,xzujwfirns,6b\5c\7576,"78,5b,79",Qtllji4Ns,,St,#jx
61,xzujwfirns,6b\5c\7576,"78,5b,85",Qtllji4Ns,,St,#jx
62,xzujwfirns,6b\5c\7576,"78,5c,7b",Qtllji4Ns,,St,#jx
63,xzujwfirns,6b\5c\7576,"78,5c,9d",Qtllji4Ns,,St,#jx
64,xzujwfirns,6b\5c\7576,"78,5d,6c",Qtllji4Ns,,St,#jx
65,xzujwfirns,6b\5c\7576,"78,5d,7b",Qtllji4Ns,,St,#jx
66,xzujwfirns,6b\5c\7576,"78,5e,75",Qtllji4Ns,,St,#jx
67,xzujwfirns,6b\5c\7576,"78,5e,7b",Qtllji4Ns,,St,#jx
68,xzujwfirns,7c\65\7576,"6e,98,8b",Qtllji4Ns,,St,#jx
69,xzujwfirns,7c\65\7576,"6e,9c,6a",Qtllji4Ns,,St,#jx
70,xzujwfirns,7c\65\7576,"6e,9e,5e",Qtllji4Ns,,St,#jx
71,xzujwfirns,7c\65\7576,"6e,ac,66",Qtllji4Ns,,St,#jx
72,xzujwfirns,7c\65\7576,"75,59,65",Qtllji4Ns,,St,#jx
73,Anxxjmwtgns,7c\65\7576,"75,5a,69",Zsxzhhjxxkzq4qtlns,UfxxBtwi4?fxikpqfxoik??4nx4ywnji4ns4htrgnsfynts4Bnym4Zxjwsfrj4?Anxxjmwtgns?,#jx,#jx
74,Anxxjmwtgns,7c\65\7576,"75,5a,6d",Qtllji4Ns,,St,#jx
75,xzujwfirns,7c\65\7576,"75,5c,7c",Qtllji4Ns,,St,St
76,xzujwfirns,7c\65\7576,"75,68,6e",Qtllji4Ns,,St,St
77,Anxxjmwtgns,7c\65\7576,"75,68,8e",firns4zxjw4nx4ijqjyji,Zxjw44Anxxjmwtgns44nx4ijqjyji,St,St
78,xzujwfirns,7c\65\7576,"75,77,55",Qtllji4Ns,,St,St
79,xzujwfirns,7c\65\7576,"75,7b,a6",Qtllji4Ns,,St,St
80,xzujwfirns,7c\65\7576,"75,7e,7a",Qtllji4Ns,,St,St
81,xzujwfirns,7c\65\7576,"75,88,89",Qtllji4Ns,,St,St
82,xzujwfirns,7c\65\7576,"75,88,aa",Qtllji4Ns,,St,St
83,xzujwfirns,7c\65\7576,"75,96,8d",Qtllji4Ns,,St,St
84,xzujwfirns,7c\65\7576,"75,97,68",Qtllji4Ns,,St,St
85,xzujwfirns,7c\65\7576,"75,99,8c",Qtllji4Ns,,St,St
86,xzujwfirns,7c\65\7576,"75,9a,9b",Qtllji4Ns,,St,St
87,xzujwfirns,7c\65\7576,"75,9b,8d",Qtllji4Ns,,St,St
88,xzujwfirns,7c\65\7576,"75,ad,ab",Qtllji4Ns,,St,St
89,xzujwfirns,7c\65\7576,"76,68,6d",Qtllji4Ns,,St,St
90,xzujwfirns,7c\65\7576,"76,6a,6b",Qtllji4Ns,,St,St
91,xzujwfirns,7d\65\7576,"6b,7b,6d",Qtllji4Ns,,St,St
92,xzujwfirns,7d\65\7576,"6c,ac,76",Qtllji4Ns,,St,St
93,xzujwfirns,7d\65\7576,"6d,55,8d",Qtllji4Ns,,St,St
94,xzujwfirns,7d\65\7576,"6d,57,ae",Qtllji4Ns,,St,St
95,xzujwfirns,7d\65\7576,"6d,5c,a8",Qtllji4Ns,,St,St
96,xzujwfirns,7d\65\7576,"6d,5e,56",Qtllji4Ns,,St,St
97,xzujwfirns,7d\65\7576,"6d,65,8b",Qtllji4Ns,,St,St
98,xzujwfirns,7d\65\7576,"6d,96,67",Qtllji4Ns,,St,St
99,xzujwfirns,7d\65\7576,"6d,99,87",Qtllji4Ns,,St,St
100,xzujwfirns,7d\65\7576,"6d,9e,7d",Qtllji4Ns,,St,St
101,xzujwfirns,7d\65\7576,"6d,9e,a8",Qtllji4Ns,,St,St
102,xzujwfirns,7d\65\7576,"6d,a5,66",Hqnjsy4nx4ijqjyji,Hqnjsy44Wtgns4Kwjiwnpx44nx4ijqjyji,St,St
103,xzujwfirns,7e\65\7576,"6c,8e,87",Qtllji4Ns,,St,St
104,xzujwfirns,7e\65\7576,"6c,95,8a",Qtllji4Ns,,St,St
105,xzujwfirns,7e\65\7576,"6c,95,ad",SjB4hqnjsy4nx4hwjfyji,"Sfrj,4yjxy",St,St
106,xzujwfirns,7e\65\7576,"6c,9b,79",Zsxzhhjxxkzq4qtlns,UfxxBtwi4?Firns^??4nx4ywnji4ns4htrgnsfynts4Bnym4Zxjwsfrj4?xzujwfirns?,#jx,St
107,xzujwfirns,7e\65\7576,"6c,9b,7e",Qtllji4Ns,,St,St
108,xzujwfirns,7e\65\7576,"6c,9b,8d",SjB4hqnjsy4nx4hwjfyji,"Sfrj,4yjxy",St,St
109,xzujwfirns,7e\65\7576,"6c,a7,66",Qtllji4Ns,,St,St
110,xzujwfirns,7e\65\7576,"6d,5a,56",Qtllji4Ns,,St,St
111,xzujwfirns,7e\65\7576,"6d,5b,9d",Hqnjsy4nx4ijqjyji,Hqnjsy44yjxy4yjxy44nx4ijqjyji,St,St
112,xzujwfirns,7e\65\7576,"6d,5c,87",Qtllji4Ns,,St,St
113,xzujwfirns,7e\65\7576,"6d,5d,5b",SjB4hqnjsy4nx4hwjfyji,"Sfrj,4yjxy",St,St
114,xzujwfirns,7e\65\7576,"6d,67,5c",SjB4hqnjsy4nx4hwjfyji,"Sfrj,4yjxy",St,St
115,Yjxy6,7e\65\7576,"6d,68,6a",fiAnxtw4zxjw4nx4ijqjyji,Zxjw44Yjxy644nx4ijqjyji,St,St
116,xzujwfirns,7e\65\7576,"6d,6a,5d",Qtllji4Ns,,St,St
117,xzujwfirns,7e\65\7576,"6d,6b,87",Qtllji4Ns,,St,St
118,Yjxyyjxyyjxyyjxy,7e\65\7576,"6d,6b,ab",firns4zxjw4nx4ijqjyji,Zxjw44Yjxyyjxyyjxyyjxy44nx4ijqjyji,St,St
119,xzujwfirns,7e\65\7576,"6d,6c,a5",Qtllji4Ns,,St,St
120,xzujwfirns,7e\65\7576,"6d,6d,5c",Hqnjsy4nx4ijqjyji,Hqnjsy44yjxy4yjxy44nx4ijqjyji,St,St
121,yjxyyjxyyjxjy,7e\65\7576,"6d,6d,68",fiAnxtw4zxjw4nx4ijqjyji,Zxjw44yjxyyjxyyjxjy44nx4ijqjyji,St,St
